data,produto,categoria,quantidade,preco_unitario,total
2024-01-01,Frango,Açougue,7,33.74,236.18
2024-01-01,Frango,Açougue,5,9.55,47.75
2024-01-01,Batata,Hortifruti,7,5.44,38.08
2024-01-01,Arroz,Mercearia,5,28.25,141.25
2024-01-01,Arroz,Mercearia,3,3.86,11.58
2024-01-01,Cebola,Hortifruti,4,42.42,169.68
2024-01-02,Carne Bovina,Açougue,5,28.93,144.65
2024-01-02,Café,Mercearia,6,3.3,19.8
2024-01-02,Feijão,Mercearia,1,25.04,25.04
2024-01-02,Café,Mercearia,4,43.9,175.6
2024-01-03,Carne Bovina,Açougue,7,44.3,310.1
2024-01-03,Feijão,Mercearia,3,39.12,117.36
2024-01-03,Laranja,Frutas,5,21.92,109.6
2024-01-03,Cebola,Hortifruti,4,42.57,170.28
2024-01-03,Peixe,Açougue,2,19.19,38.38
2024-01-04,Maçã,Frutas,2,31.74,63.48
2024-01-04,Carne Bovina,Açougue,7,28.62,200.34
2024-01-04,Arroz,Mercearia,7,10.28,71.96
2024-01-04,Tomate,Hortifruti,4,10.65,42.6
2024-01-05,Cebola,Hortifruti,6,24.84,149.04
2024-01-05,Café,Mercearia,4,10.76,43.04
2024-01-05,Cebola,Hortifruti,2,21.89,43.78
2024-01-05,Café,Mercearia,6,41.92,251.52
2024-01-05,Arroz,Mercearia,6,11.23,67.38
2024-01-05,Feijão,Mercearia,6,16.66,99.96
2024-01-06,Cebola,Hortifruti,7,37.81,264.67
2024-01-06,Café,Mercearia,1,14.8,14.8
2024-01-06,Carne Bovina,Açougue,5,8.92,44.6
2024-01-06,Frango,Açougue,1,3.66,3.66
2024-01-06,Feijão,Mercearia,1,11.35,11.35
2024-01-06,Arroz,Mercearia,7,37.25,260.75
2024-01-06,Tomate,Hortifruti,3,36.19,108.57
2024-01-07,Maçã,Frutas,2,18.06,36.12
2024-01-07,Feijão,Mercearia,4,39.25,157.0
2024-01-07,Arroz,Mercearia,4,16.9,67.6
2024-01-07,Laranja,Frutas,7,31.09,217.63
2024-01-07,Maçã,Frutas,3,27.83,83.49
2024-01-08,Batata,Hortifruti,1,19.08,19.08
2024-01-08,Peixe,Açougue,3,34.95,104.85
2024-01-08,Café,Mercearia,7,35.38,247.66
2024-01-08,Laranja,Frutas,3,24.95,74.85
2024-01-08,Café,Mercearia,2,21.45,42.9
2024-01-09,Laranja,Frutas,1,16.2,16.2
2024-01-09,Alface,Hortifruti,6,8.85,53.1
2024-01-09,Laranja,Frutas,5,25.67,128.35
2024-01-09,Frango,Açougue,4,42.6,170.4
2024-01-09,Laranja,Frutas,3,32.18,96.54
2024-01-10,Cebola,Hortifruti,2,36.94,73.88
2024-01-10,Feijão,Mercearia,5,39.6,198.0
2024-01-10,Carne Bovina,Açougue,4,10.84,43.36
2024-01-10,Peixe,Açougue,6,25.65,153.9
2024-01-10,Café,Mercearia,7,40.64,284.48
2024-01-10,Laranja,Frutas,6,7.62,45.72
2024-01-11,Açúcar,Mercearia,6,3.02,18.12
2024-01-11,Frango,Açougue,1,15.8,15.8
2024-01-11,Banana,Frutas,3,20.53,61.59
2024-01-12,Tomate,Hortifruti,3,14.32,42.96
2024-01-12,Arroz,Mercearia,7,10.07,70.49
2024-01-12,Arroz,Mercearia,1,19.96,19.96
2024-01-12,Peixe,Açougue,1,13.66,13.66
2024-01-12,Carne Bovina,Açougue,6,32.24,193.44
2024-01-12,Batata,Hortifruti,1,9.22,9.22
2024-01-12,Arroz,Mercearia,1,14.2,14.2
2024-01-13,Cebola,Hortifruti,4,5.16,20.64
2024-01-13,Maçã,Frutas,1,29.64,29.64
2024-01-13,Peixe,Açougue,2,25.3,50.6
2024-01-13,Café,Mercearia,6,13.17,79.02
2024-01-14,Laranja,Frutas,3,18.53,55.59
2024-01-14,Tomate,Hortifruti,7,36.73,257.11
2024-01-14,Maçã,Frutas,4,44.3,177.2
2024-01-14,Banana,Frutas,3,37.29,111.87
2024-01-14,Tomate,Hortifruti,1,16.47,16.47
2024-01-14,Banana,Frutas,5,39.05,195.25
2024-01-15,Açúcar,Mercearia,4,3.7,14.8
2024-01-15,Batata,Hortifruti,7,12.51,87.57
2024-01-15,Laranja,Frutas,4,42.5,170.0
2024-01-15,Arroz,Mercearia,7,42.34,296.38
2024-01-15,Tomate,Hortifruti,3,17.32,51.96
2024-01-15,Feijão,Mercearia,2,41.84,83.68
2024-01-16,Batata,Hortifruti,7,30.72,215.04
2024-01-16,Café,Mercearia,1,24.7,24.7
2024-01-16,Tomate,Hortifruti,2,44.84,89.68
2024-01-16,Peixe,Açougue,4,26.45,105.8
2024-01-17,Laranja,Frutas,1,14.71,14.71
2024-01-17,Batata,Hortifruti,3,38.97,116.91
2024-01-17,Banana,Frutas,1,29.97,29.97
2024-01-17,Açúcar,Mercearia,1,9.79,9.79
2024-01-17,Banana,Frutas,4,27.39,109.56
2024-01-18,Batata,Hortifruti,1,3.21,3.21
2024-01-18,Peixe,Açougue,2,23.4,46.8
2024-01-18,Batata,Hortifruti,5,12.42,62.1
2024-01-19,Alface,Hortifruti,1,23.74,23.74
2024-01-19,Alface,Hortifruti,7,33.28,232.96
2024-01-19,Tomate,Hortifruti,4,24.37,97.48
2024-01-20,Batata,Hortifruti,6,41.06,246.36
2024-01-20,Açúcar,Mercearia,2,17.7,35.4
2024-01-20,Tomate,Hortifruti,4,31.09,124.36
2024-01-20,Tomate,Hortifruti,5,12.67,63.35
2024-01-20,Batata,Hortifruti,4,4.02,16.08
2024-01-20,Tomate,Hortifruti,1,44.77,44.77
2024-01-20,Peixe,Açougue,5,14.74,73.7
2024-01-21,Carne Bovina,Açougue,1,43.03,43.03
2024-01-21,Frango,Açougue,1,26.22,26.22
2024-01-21,Batata,Hortifruti,4,38.83,155.32
2024-01-21,Frango,Açougue,5,11.02,55.1
2024-01-21,Tomate,Hortifruti,3,10.12,30.36
2024-01-22,Café,Mercearia,7,38.46,269.22
2024-01-22,Batata,Hortifruti,6,7.08,42.48
2024-01-22,Banana,Frutas,7,8.88,62.16
2024-01-23,Café,Mercearia,2,16.55,33.1
2024-01-23,Arroz,Mercearia,1,8.74,8.74
2024-01-23,Banana,Frutas,7,15.33,107.31
2024-01-23,Laranja,Frutas,2,37.02,74.04
2024-01-23,Feijão,Mercearia,5,6.43,32.15
2024-01-24,Alface,Hortifruti,5,11.16,55.8
2024-01-24,Arroz,Mercearia,6,36.42,218.52
2024-01-24,Carne Bovina,Açougue,3,17.2,51.6
2024-01-25,Cebola,Hortifruti,2,21.42,42.84
2024-01-25,Banana,Frutas,3,22.56,67.68
2024-01-25,Peixe,Açougue,5,38.24,191.2
2024-01-25,Café,Mercearia,6,13.51,81.06
2024-01-25,Café,Mercearia,6,15.74,94.44
2024-01-25,Açúcar,Mercearia,4,16.72,66.88
2024-01-26,Carne Bovina,Açougue,4,43.54,174.16
2024-01-26,Laranja,Frutas,4,38.36,153.44
2024-01-26,Alface,Hortifruti,6,25.71,154.26
2024-01-26,Laranja,Frutas,4,8.58,34.32
2024-01-26,Cebola,Hortifruti,4,33.01,132.04
2024-01-26,Batata,Hortifruti,1,19.75,19.75
2024-01-26,Batata,Hortifruti,4,34.25,137.0
2024-01-27,Maçã,Frutas,2,43.43,86.86
2024-01-27,Laranja,Frutas,7,32.23,225.61
2024-01-27,Maçã,Frutas,1,10.28,10.28
2024-01-27,Tomate,Hortifruti,7,13.51,94.57
2024-01-28,Arroz,Mercearia,5,14.76,73.8
2024-01-28,Frango,Açougue,7,30.6,214.2
2024-01-28,Maçã,Frutas,6,33.66,201.96
2024-01-29,Carne Bovina,Açougue,2,17.95,35.9
2024-01-29,Maçã,Frutas,6,3.6,21.6
2024-01-29,Peixe,Açougue,4,4.93,19.72
2024-01-29,Tomate,Hortifruti,6,38.93,233.58
2024-01-29,Alface,Hortifruti,5,22.92,114.6
2024-01-30,Café,Mercearia,5,22.89,114.45
2024-01-30,Tomate,Hortifruti,6,21.22,127.32
2024-01-30,Laranja,Frutas,2,28.87,57.74
2024-01-30,Maçã,Frutas,4,4.9,19.6
2024-01-31,Café,Mercearia,3,24.13,72.39
2024-01-31,Tomate,Hortifruti,5,31.73,158.65
2024-01-31,Arroz,Mercearia,7,42.66,298.62
2024-01-31,Carne Bovina,Açougue,3,36.64,109.92
2024-02-01,Cebola,Hortifruti,3,30.02,90.06
2024-02-01,Tomate,Hortifruti,5,25.92,129.6
2024-02-01,Maçã,Frutas,4,19.22,76.88
2024-02-01,Tomate,Hortifruti,2,11.68,23.36
2024-02-01,Frango,Açougue,5,12.01,60.05
2024-02-01,Peixe,Açougue,2,4.64,9.28
2024-02-02,Batata,Hortifruti,7,5.99,41.93
2024-02-02,Arroz,Mercearia,5,38.48,192.4
2024-02-02,Café,Mercearia,6,37.21,223.26
2024-02-02,Feijão,Mercearia,7,7.96,55.72
2024-02-03,Cebola,Hortifruti,5,42.34,211.7
2024-02-03,Arroz,Mercearia,4,20.55,82.2
2024-02-03,Frango,Açougue,1,26.01,26.01
2024-02-03,Maçã,Frutas,1,26.88,26.88
2024-02-03,Batata,Hortifruti,1,33.73,33.73
2024-02-03,Alface,Hortifruti,2,13.5,27.0
2024-02-03,Arroz,Mercearia,7,42.09,294.63
2024-02-04,Carne Bovina,Açougue,1,31.55,31.55
2024-02-04,Laranja,Frutas,1,13.01,13.01
2024-02-04,Peixe,Açougue,1,25.44,25.44
2024-02-04,Alface,Hortifruti,1,16.44,16.44
2024-02-04,Açúcar,Mercearia,3,19.35,58.05
2024-02-04,Carne Bovina,Açougue,5,41.03,205.15
2024-02-04,Carne Bovina,Açougue,1,16.41,16.41
2024-02-05,Batata,Hortifruti,2,29.54,59.08
2024-02-05,Maçã,Frutas,5,15.31,76.55
2024-02-05,Feijão,Mercearia,4,31.25,125.0
2024-02-05,Alface,Hortifruti,5,36.25,181.25
2024-02-05,Feijão,Mercearia,7,6.83,47.81
2024-02-05,Café,Mercearia,2,5.42,10.84
2024-02-06,Maçã,Frutas,3,40.28,120.84
2024-02-06,Açúcar,Mercearia,3,7.92,23.76
2024-02-06,Carne Bovina,Açougue,1,34.98,34.98
2024-02-06,Carne Bovina,Açougue,1,7.25,7.25
2024-02-07,Arroz,Mercearia,2,19.66,39.32
2024-02-07,Açúcar,Mercearia,2,9.16,18.32
2024-02-07,Frango,Açougue,5,12.8,64.0
2024-02-07,Arroz,Mercearia,5,18.57,92.85
2024-02-07,Alface,Hortifruti,1,42.78,42.78
2024-02-07,Feijão,Mercearia,5,34.64,173.2
2024-02-07,Banana,Frutas,4,6.51,26.04
2024-02-08,Carne Bovina,Açougue,6,32.61,195.66
2024-02-08,Café,Mercearia,2,16.87,33.74
2024-02-08,Peixe,Açougue,3,13.65,40.95
2024-02-08,Cebola,Hortifruti,4,27.0,108.0
2024-02-08,Alface,Hortifruti,4,35.22,140.88
2024-02-08,Feijão,Mercearia,7,34.33,240.31
2024-02-08,Frango,Açougue,4,43.41,173.64
2024-02-09,Tomate,Hortifruti,1,39.48,39.48
2024-02-09,Banana,Frutas,5,43.46,217.3
2024-02-09,Carne Bovina,Açougue,5,43.73,218.65
2024-02-09,Frango,Açougue,7,40.43,283.01
2024-02-09,Banana,Frutas,5,44.7,223.5
2024-02-09,Maçã,Frutas,4,26.26,105.04
2024-02-10,Feijão,Mercearia,2,9.98,19.96
2024-02-10,Tomate,Hortifruti,6,15.37,92.22
2024-02-10,Tomate,Hortifruti,5,32.27,161.35
2024-02-10,Batata,Hortifruti,7,4.91,34.37
2024-02-10,Carne Bovina,Açougue,2,42.92,85.84
2024-02-10,Arroz,Mercearia,6,22.14,132.84
2024-02-11,Maçã,Frutas,2,10.9,21.8
2024-02-11,Café,Mercearia,2,12.63,25.26
2024-02-11,Carne Bovina,Açougue,4,18.13,72.52
2024-02-11,Alface,Hortifruti,3,32.32,96.96
2024-02-11,Tomate,Hortifruti,1,16.0,16.0
2024-02-11,Alface,Hortifruti,5,31.76,158.8
2024-02-12,Frango,Açougue,6,6.2,37.2
2024-02-12,Banana,Frutas,2,20.5,41.0
2024-02-12,Maçã,Frutas,7,41.61,291.27
2024-02-12,Café,Mercearia,6,39.37,236.22
2024-02-12,Frango,Açougue,5,4.11,20.55
2024-02-12,Tomate,Hortifruti,6,37.04,222.24
2024-02-12,Tomate,Hortifruti,3,27.95,83.85
2024-02-13,Banana,Frutas,3,38.37,115.11
2024-02-13,Frango,Açougue,1,22.69,22.69
2024-02-13,Batata,Hortifruti,7,14.48,101.36
2024-02-14,Tomate,Hortifruti,5,44.99,224.95
2024-02-14,Banana,Frutas,3,26.33,78.99
2024-02-14,Maçã,Frutas,5,42.68,213.4
2024-02-14,Café,Mercearia,3,13.39,40.17
2024-02-14,Peixe,Açougue,1,8.42,8.42
2024-02-14,Batata,Hortifruti,5,28.46,142.3
2024-02-15,Tomate,Hortifruti,2,18.04,36.08
2024-02-15,Arroz,Mercearia,7,31.21,218.47
2024-02-15,Cebola,Hortifruti,6,35.44,212.64
2024-02-16,Cebola,Hortifruti,4,37.29,149.16
2024-02-16,Carne Bovina,Açougue,5,6.71,33.55
2024-02-16,Açúcar,Mercearia,1,27.78,27.78
2024-02-16,Laranja,Frutas,7,35.96,251.72
2024-02-16,Peixe,Açougue,2,36.81,73.62
2024-02-17,Cebola,Hortifruti,6,28.54,171.24
2024-02-17,Cebola,Hortifruti,6,26.3,157.8
2024-02-17,Batata,Hortifruti,7,33.51,234.57
2024-02-17,Feijão,Mercearia,6,21.94,131.64
2024-02-17,Carne Bovina,Açougue,6,29.13,174.78
2024-02-17,Batata,Hortifruti,1,42.88,42.88
2024-02-18,Café,Mercearia,1,23.67,23.67
2024-02-18,Carne Bovina,Açougue,4,22.28,89.12
2024-02-18,Cebola,Hortifruti,6,23.69,142.14
2024-02-18,Frango,Açougue,6,29.6,177.6
2024-02-18,Açúcar,Mercearia,3,25.57,76.71
2024-02-18,Laranja,Frutas,7,27.56,192.92
2024-02-19,Banana,Frutas,4,10.64,42.56
2024-02-19,Arroz,Mercearia,1,40.67,40.67
2024-02-19,Batata,Hortifruti,3,31.04,93.12
2024-02-19,Cebola,Hortifruti,5,11.08,55.4
2024-02-19,Batata,Hortifruti,5,10.1,50.5
2024-02-20,Café,Mercearia,5,4.34,21.7
2024-02-20,Banana,Frutas,1,25.45,25.45
2024-02-20,Carne Bovina,Açougue,2,40.56,81.12
2024-02-20,Tomate,Hortifruti,6,16.86,101.16
2024-02-20,Açúcar,Mercearia,1,6.88,6.88
2024-02-20,Feijão,Mercearia,6,6.43,38.58
2024-02-21,Frango,Açougue,1,14.63,14.63
2024-02-21,Tomate,Hortifruti,1,28.09,28.09
2024-02-21,Alface,Hortifruti,7,25.54,178.78
2024-02-21,Arroz,Mercearia,6,12.92,77.52
2024-02-21,Carne Bovina,Açougue,7,25.31,177.17
2024-02-22,Frango,Açougue,2,4.54,9.08
2024-02-22,Arroz,Mercearia,3,32.96,98.88
2024-02-22,Laranja,Frutas,6,34.48,206.88
2024-02-22,Carne Bovina,Açougue,5,39.42,197.1
2024-02-23,Batata,Hortifruti,7,7.4,51.8
2024-02-23,Laranja,Frutas,5,10.66,53.3
2024-02-23,Laranja,Frutas,1,38.31,38.31
2024-02-23,Banana,Frutas,2,25.48,50.96
2024-02-23,Feijão,Mercearia,1,17.4,17.4
2024-02-24,Alface,Hortifruti,2,36.15,72.3
2024-02-24,Frango,Açougue,2,6.65,13.3
2024-02-24,Banana,Frutas,2,26.43,52.86
2024-02-25,Carne Bovina,Açougue,3,18.91,56.73
2024-02-25,Maçã,Frutas,6,40.79,244.74
2024-02-25,Cebola,Hortifruti,3,17.96,53.88
2024-02-26,Banana,Frutas,5,42.22,211.1
2024-02-26,Maçã,Frutas,6,12.46,74.76
2024-02-26,Banana,Frutas,7,23.49,164.43
2024-02-26,Peixe,Açougue,3,6.69,20.07
2024-02-26,Peixe,Açougue,7,5.34,37.38
2024-02-26,Feijão,Mercearia,7,5.17,36.19
2024-02-26,Arroz,Mercearia,5,44.26,221.3
2024-02-27,Alface,Hortifruti,4,41.53,166.12
2024-02-27,Banana,Frutas,6,13.83,82.98
2024-02-27,Arroz,Mercearia,6,31.08,186.48
2024-02-27,Feijão,Mercearia,2,26.38,52.76
2024-02-28,Batata,Hortifruti,5,35.32,176.6
2024-02-28,Banana,Frutas,2,16.59,33.18
2024-02-28,Batata,Hortifruti,4,24.32,97.28
2024-02-28,Tomate,Hortifruti,4,7.82,31.28
2024-02-29,Peixe,Açougue,6,27.41,164.46
2024-02-29,Açúcar,Mercearia,7,23.21,162.47
2024-02-29,Açúcar,Mercearia,3,5.18,15.54
2024-02-29,Cebola,Hortifruti,2,26.04,52.08
2024-03-01,Carne Bovina,Açougue,2,16.54,33.08
2024-03-01,Cebola,Hortifruti,4,13.69,54.76
2024-03-01,Maçã,Frutas,1,34.93,34.93
2024-03-01,Açúcar,Mercearia,7,22.81,159.67
2024-03-02,Peixe,Açougue,7,42.04,294.28
2024-03-02,Peixe,Açougue,4,43.53,174.12
2024-03-02,Peixe,Açougue,5,33.7,168.5
2024-03-02,Feijão,Mercearia,2,10.61,21.22
2024-03-02,Batata,Hortifruti,1,34.13,34.13
2024-03-03,Frango,Açougue,3,36.4,109.2
2024-03-03,Peixe,Açougue,4,9.87,39.48
2024-03-03,Maçã,Frutas,5,37.21,186.05
2024-03-03,Açúcar,Mercearia,6,24.97,149.82
2024-03-03,Alface,Hortifruti,1,39.84,39.84
2024-03-03,Feijão,Mercearia,2,37.3,74.6
2024-03-04,Frango,Açougue,6,25.67,154.02
2024-03-04,Tomate,Hortifruti,1,17.93,17.93
2024-03-04,Laranja,Frutas,2,25.83,51.66
2024-03-04,Arroz,Mercearia,3,25.8,77.4
2024-03-04,Banana,Frutas,6,16.98,101.88
2024-03-05,Arroz,Mercearia,2,8.85,17.7
2024-03-05,Frango,Açougue,1,25.41,25.41
2024-03-05,Laranja,Frutas,3,36.12,108.36
2024-03-05,Banana,Frutas,1,16.09,16.09
2024-03-05,Maçã,Frutas,3,34.25,102.75
2024-03-06,Banana,Frutas,2,35.02,70.04
2024-03-06,Açúcar,Mercearia,2,17.37,34.74
2024-03-06,Banana,Frutas,5,7.65,38.25
2024-03-06,Alface,Hortifruti,5,8.35,41.75
2024-03-06,Arroz,Mercearia,7,36.49,255.43
2024-03-06,Maçã,Frutas,5,12.63,63.15
2024-03-07,Frango,Açougue,2,3.51,7.02
2024-03-07,Batata,Hortifruti,3,26.75,80.25
2024-03-07,Café,Mercearia,3,28.16,84.48
2024-03-07,Alface,Hortifruti,3,43.28,129.84
2024-03-07,Arroz,Mercearia,6,12.55,75.3
2024-03-07,Laranja,Frutas,7,15.09,105.63
2024-03-08,Carne Bovina,Açougue,2,27.62,55.24
2024-03-08,Peixe,Açougue,2,28.68,57.36
2024-03-08,Arroz,Mercearia,4,27.9,111.6
2024-03-08,Carne Bovina,Açougue,4,41.59,166.36
2024-03-08,Maçã,Frutas,5,32.7,163.5
2024-03-09,Tomate,Hortifruti,4,18.73,74.92
2024-03-09,Feijão,Mercearia,6,6.25,37.5
2024-03-09,Peixe,Açougue,1,41.87,41.87
2024-03-09,Laranja,Frutas,1,7.76,7.76
2024-03-10,Café,Mercearia,6,10.83,64.98
2024-03-10,Laranja,Frutas,1,16.95,16.95
2024-03-10,Banana,Frutas,7,12.55,87.85
2024-03-10,Maçã,Frutas,7,5.3,37.1
2024-03-10,Feijão,Mercearia,2,36.72,73.44
2024-03-10,Maçã,Frutas,2,17.01,34.02
2024-03-10,Alface,Hortifruti,1,39.27,39.27
2024-03-11,Laranja,Frutas,2,23.2,46.4
2024-03-11,Açúcar,Mercearia,1,27.66,27.66
2024-03-11,Açúcar,Mercearia,4,41.34,165.36
2024-03-11,Banana,Frutas,1,23.93,23.93
2024-03-12,Arroz,Mercearia,1,18.22,18.22
2024-03-12,Açúcar,Mercearia,6,12.24,73.44
2024-03-12,Cebola,Hortifruti,5,24.64,123.2
2024-03-12,Tomate,Hortifruti,4,22.28,89.12
2024-03-12,Alface,Hortifruti,6,39.15,234.9
2024-03-12,Frango,Açougue,1,15.58,15.58
2024-03-12,Frango,Açougue,6,34.5,207.0
2024-03-13,Arroz,Mercearia,3,17.67,53.01
2024-03-13,Peixe,Açougue,5,29.25,146.25
2024-03-13,Frango,Açougue,6,38.14,228.84
2024-03-13,Batata,Hortifruti,2,15.35,30.7
2024-03-13,Batata,Hortifruti,7,25.16,176.12
2024-03-14,Tomate,Hortifruti,2,23.87,47.74
2024-03-14,Batata,Hortifruti,7,7.33,51.31
2024-03-14,Arroz,Mercearia,5,6.17,30.85
2024-03-14,Batata,Hortifruti,2,14.37,28.74
2024-03-14,Peixe,Açougue,2,20.17,40.34
2024-03-14,Laranja,Frutas,7,9.56,66.92
2024-03-15,Laranja,Frutas,5,20.14,100.7
2024-03-15,Feijão,Mercearia,7,13.66,95.62
2024-03-15,Laranja,Frutas,3,24.23,72.69
2024-03-15,Arroz,Mercearia,6,17.25,103.5
2024-03-16,Batata,Hortifruti,3,30.42,91.26
2024-03-16,Arroz,Mercearia,2,36.82,73.64
2024-03-16,Arroz,Mercearia,6,28.33,169.98
2024-03-16,Peixe,Açougue,3,43.43,130.29
2024-03-16,Alface,Hortifruti,5,8.93,44.65
2024-03-16,Peixe,Açougue,7,16.61,116.27
2024-03-16,Cebola,Hortifruti,7,29.6,207.2
2024-03-17,Laranja,Frutas,5,4.11,20.55
2024-03-17,Frango,Açougue,3,27.49,82.47
2024-03-17,Carne Bovina,Açougue,2,40.49,80.98
2024-03-18,Alface,Hortifruti,3,13.9,41.7
2024-03-18,Cebola,Hortifruti,3,27.79,83.37
2024-03-18,Carne Bovina,Açougue,4,29.21,116.84
2024-03-18,Banana,Frutas,6,18.24,109.44
2024-03-18,Maçã,Frutas,4,12.22,48.88
2024-03-18,Café,Mercearia,6,35.75,214.5
2024-03-18,Tomate,Hortifruti,2,26.76,53.52
2024-03-19,Peixe,Açougue,7,36.59,256.13
2024-03-19,Tomate,Hortifruti,2,3.94,7.88
2024-03-19,Peixe,Açougue,1,25.75,25.75
2024-03-19,Frango,Açougue,1,13.83,13.83
2024-03-19,Banana,Frutas,6,38.07,228.42
2024-03-20,Café,Mercearia,2,40.82,81.64
2024-03-20,Cebola,Hortifruti,7,31.69,221.83
2024-03-20,Banana,Frutas,2,25.25,50.5
2024-03-20,Café,Mercearia,4,23.92,95.68
2024-03-20,Cebola,Hortifruti,1,20.02,20.02
2024-03-20,Banana,Frutas,2,33.25,66.5
2024-03-21,Café,Mercearia,6,8.75,52.5
2024-03-21,Feijão,Mercearia,7,39.7,277.9
2024-03-21,Arroz,Mercearia,2,28.22,56.44
2024-03-21,Feijão,Mercearia,5,10.37,51.85
2024-03-21,Frango,Açougue,1,20.59,20.59
2024-03-21,Carne Bovina,Açougue,6,24.79,148.74
2024-03-21,Cebola,Hortifruti,4,43.26,173.04
2024-03-22,Batata,Hortifruti,5,28.33,141.65
2024-03-22,Café,Mercearia,5,19.35,96.75
2024-03-22,Arroz,Mercearia,3,17.94,53.82
2024-03-23,Açúcar,Mercearia,7,28.64,200.48
2024-03-23,Banana,Frutas,2,19.66,39.32
2024-03-23,Arroz,Mercearia,6,8.67,52.02
2024-03-24,Café,Mercearia,4,25.67,102.68
2024-03-24,Batata,Hortifruti,3,38.34,115.02
2024-03-24,Tomate,Hortifruti,6,43.12,258.72
2024-03-25,Cebola,Hortifruti,1,35.38,35.38
2024-03-25,Maçã,Frutas,1,6.16,6.16
2024-03-25,Tomate,Hortifruti,1,23.81,23.81
2024-03-25,Açúcar,Mercearia,2,22.31,44.62
2024-03-25,Batata,Hortifruti,3,6.27,18.81
2024-03-26,Carne Bovina,Açougue,3,14.43,43.29
2024-03-26,Cebola,Hortifruti,4,18.16,72.64
2024-03-26,Carne Bovina,Açougue,3,41.53,124.59
2024-03-26,Frango,Açougue,1,42.91,42.91
2024-03-26,Laranja,Frutas,1,10.78,10.78
2024-03-26,Peixe,Açougue,3,33.75,101.25
2024-03-27,Tomate,Hortifruti,7,33.41,233.87
2024-03-27,Banana,Frutas,1,40.94,40.94
2024-03-27,Carne Bovina,Açougue,7,32.11,224.77
2024-03-27,Feijão,Mercearia,5,31.14,155.7
2024-03-27,Café,Mercearia,7,44.97,314.79
2024-03-27,Café,Mercearia,5,22.87,114.35
2024-03-27,Laranja,Frutas,6,8.06,48.36
2024-03-28,Batata,Hortifruti,2,20.71,41.42
2024-03-28,Frango,Açougue,2,34.29,68.58
2024-03-28,Alface,Hortifruti,7,22.12,154.84
2024-03-29,Café,Mercearia,7,4.55,31.85
2024-03-29,Arroz,Mercearia,3,26.55,79.65
2024-03-29,Frango,Açougue,2,40.17,80.34
2024-03-29,Açúcar,Mercearia,2,33.44,66.88
2024-03-29,Carne Bovina,Açougue,7,16.24,113.68
2024-03-30,Alface,Hortifruti,5,30.79,153.95
2024-03-30,Frango,Açougue,2,24.85,49.7
2024-03-30,Frango,Açougue,2,39.82,79.64
2024-03-31,Laranja,Frutas,3,39.54,118.62
2024-03-31,Peixe,Açougue,3,39.74,119.22
2024-03-31,Frango,Açougue,2,42.44,84.88
2024-03-31,Batata,Hortifruti,3,44.91,134.73
2024-04-01,Frango,Açougue,6,6.72,40.32
2024-04-01,Peixe,Açougue,5,23.15,115.75
2024-04-01,Arroz,Mercearia,4,44.33,177.32
2024-04-01,Café,Mercearia,6,20.55,123.3
2024-04-01,Laranja,Frutas,4,33.98,135.92
2024-04-01,Peixe,Açougue,1,7.64,7.64
2024-04-02,Alface,Hortifruti,2,12.81,25.62
2024-04-02,Feijão,Mercearia,1,41.23,41.23
2024-04-02,Feijão,Mercearia,7,19.14,133.98
2024-04-02,Arroz,Mercearia,4,12.17,48.68
2024-04-03,Maçã,Frutas,5,13.88,69.4
2024-04-03,Carne Bovina,Açougue,6,44.26,265.56
2024-04-03,Peixe,Açougue,3,40.96,122.88
2024-04-03,Cebola,Hortifruti,1,34.22,34.22
2024-04-04,Açúcar,Mercearia,4,38.19,152.76
2024-04-04,Banana,Frutas,5,37.89,189.45
2024-04-04,Peixe,Açougue,2,4.97,9.94
2024-04-04,Feijão,Mercearia,2,4.54,9.08
2024-04-04,Café,Mercearia,3,37.7,113.1
2024-04-04,Maçã,Frutas,5,29.45,147.25
2024-04-05,Feijão,Mercearia,3,28.09,84.27
2024-04-05,Tomate,Hortifruti,5,13.93,69.65
2024-04-05,Batata,Hortifruti,2,23.63,47.26
2024-04-06,Arroz,Mercearia,3,37.26,111.78
2024-04-06,Banana,Frutas,5,12.4,62.0
2024-04-06,Feijão,Mercearia,1,40.59,40.59
2024-04-07,Cebola,Hortifruti,3,39.85,119.55
2024-04-07,Batata,Hortifruti,3,8.44,25.32
2024-04-07,Feijão,Mercearia,3,43.14,129.42
2024-04-07,Carne Bovina,Açougue,2,37.0,74.0
2024-04-07,Arroz,Mercearia,1,26.14,26.14
2024-04-07,Açúcar,Mercearia,2,20.16,40.32
2024-04-07,Banana,Frutas,3,33.38,100.14
2024-04-08,Cebola,Hortifruti,6,43.41,260.46
2024-04-08,Frango,Açougue,4,6.2,24.8
2024-04-08,Tomate,Hortifruti,2,23.8,47.6
2024-04-08,Peixe,Açougue,5,41.07,205.35
2024-04-09,Arroz,Mercearia,2,25.84,51.68
2024-04-09,Frango,Açougue,5,33.82,169.1
2024-04-09,Arroz,Mercearia,3,39.46,118.38
2024-04-09,Carne Bovina,Açougue,1,9.61,9.61
2024-04-09,Feijão,Mercearia,5,38.15,190.75
2024-04-10,Maçã,Frutas,2,7.45,14.9
2024-04-10,Açúcar,Mercearia,6,10.95,65.7
2024-04-10,Maçã,Frutas,3,43.38,130.14
2024-04-11,Batata,Hortifruti,7,37.68,263.76
2024-04-11,Café,Mercearia,3,12.6,37.8
2024-04-11,Laranja,Frutas,7,3.05,21.35
2024-04-12,Peixe,Açougue,5,24.31,121.55
2024-04-12,Laranja,Frutas,2,15.06,30.12
2024-04-12,Peixe,Açougue,3,44.21,132.63
2024-04-12,Tomate,Hortifruti,7,18.82,131.74
2024-04-13,Batata,Hortifruti,6,14.9,89.4
2024-04-13,Laranja,Frutas,2,21.15,42.3
2024-04-13,Cebola,Hortifruti,7,19.47,136.29
2024-04-13,Peixe,Açougue,5,7.31,36.55
2024-04-13,Alface,Hortifruti,4,31.89,127.56
2024-04-13,Cebola,Hortifruti,4,15.64,62.56
2024-04-13,Tomate,Hortifruti,4,5.83,23.32
2024-04-14,Banana,Frutas,1,5.43,5.43
2024-04-14,Arroz,Mercearia,3,38.8,116.4
2024-04-14,Peixe,Açougue,7,43.69,305.83
2024-04-14,Alface,Hortifruti,3,8.46,25.38
2024-04-15,Carne Bovina,Açougue,7,5.76,40.32
2024-04-15,Tomate,Hortifruti,6,18.62,111.72
2024-04-15,Batata,Hortifruti,3,31.7,95.1
2024-04-15,Café,Mercearia,2,14.49,28.98
2024-04-15,Frango,Açougue,4,20.9,83.6
2024-04-15,Frango,Açougue,1,9.87,9.87
2024-04-15,Laranja,Frutas,5,32.13,160.65
2024-04-16,Cebola,Hortifruti,7,31.58,221.06
2024-04-16,Banana,Frutas,3,14.48,43.44
2024-04-16,Tomate,Hortifruti,6,9.34,56.04
2024-04-16,Carne Bovina,Açougue,5,42.63,213.15
2024-04-16,Maçã,Frutas,3,43.51,130.53
2024-04-16,Batata,Hortifruti,1,21.58,21.58
2024-04-17,Tomate,Hortifruti,2,40.55,81.1
2024-04-17,Cebola,Hortifruti,5,11.42,57.1
2024-04-17,Tomate,Hortifruti,1,33.03,33.03
2024-04-17,Cebola,Hortifruti,7,22.8,159.6
2024-04-17,Açúcar,Mercearia,4,10.79,43.16
2024-04-18,Frango,Açougue,5,9.45,47.25
2024-04-18,Açúcar,Mercearia,6,25.27,151.62
2024-04-18,Laranja,Frutas,3,36.47,109.41
2024-04-19,Maçã,Frutas,4,43.64,174.56
2024-04-19,Alface,Hortifruti,6,22.41,134.46
2024-04-19,Peixe,Açougue,6,28.13,168.78
2024-04-19,Peixe,Açougue,4,13.4,53.6
2024-04-19,Feijão,Mercearia,6,12.47,74.82
2024-04-19,Carne Bovina,Açougue,7,30.36,212.52
2024-04-20,Maçã,Frutas,2,36.5,73.0
2024-04-20,Açúcar,Mercearia,5,9.28,46.4
2024-04-20,Maçã,Frutas,2,31.58,63.16
2024-04-20,Cebola,Hortifruti,6,43.94,263.64
2024-04-20,Banana,Frutas,3,32.19,96.57
2024-04-20,Tomate,Hortifruti,4,35.75,143.0
2024-04-20,Arroz,Mercearia,3,23.18,69.54
2024-04-21,Tomate,Hortifruti,4,44.44,177.76
2024-04-21,Banana,Frutas,6,11.83,70.98
2024-04-21,Tomate,Hortifruti,2,35.58,71.16
2024-04-22,Carne Bovina,Açougue,1,24.74,24.74
2024-04-22,Tomate,Hortifruti,1,17.73,17.73
2024-04-22,Tomate,Hortifruti,5,6.3,31.5
2024-04-22,Banana,Frutas,7,8.57,59.99
2024-04-23,Peixe,Açougue,2,36.62,73.24
2024-04-23,Cebola,Hortifruti,2,10.03,20.06
2024-04-23,Tomate,Hortifruti,3,8.22,24.66
2024-04-23,Açúcar,Mercearia,6,27.98,167.88
2024-04-24,Laranja,Frutas,7,25.73,180.11
2024-04-24,Cebola,Hortifruti,4,39.58,158.32
2024-04-24,Cebola,Hortifruti,4,36.67,146.68
2024-04-25,Laranja,Frutas,3,40.58,121.74
2024-04-25,Alface,Hortifruti,6,37.33,223.98
2024-04-25,Café,Mercearia,7,30.03,210.21
2024-04-25,Feijão,Mercearia,4,33.73,134.92
2024-04-25,Açúcar,Mercearia,2,5.53,11.06
2024-04-26,Frango,Açougue,1,39.61,39.61
2024-04-26,Café,Mercearia,3,43.99,131.97
2024-04-26,Alface,Hortifruti,5,10.65,53.25
2024-04-26,Laranja,Frutas,5,30.67,153.35
2024-04-26,Batata,Hortifruti,4,26.33,105.32
2024-04-26,Cebola,Hortifruti,3,12.6,37.8
2024-04-27,Açúcar,Mercearia,3,6.42,19.26
2024-04-27,Batata,Hortifruti,3,12.26,36.78
2024-04-27,Banana,Frutas,7,11.55,80.85
2024-04-28,Tomate,Hortifruti,6,43.35,260.1
2024-04-28,Café,Mercearia,5,38.54,192.7
2024-04-28,Maçã,Frutas,4,33.88,135.52
2024-04-28,Peixe,Açougue,4,24.2,96.8
2024-04-28,Cebola,Hortifruti,1,24.59,24.59
2024-04-28,Feijão,Mercearia,4,4.23,16.92
2024-04-29,Alface,Hortifruti,2,28.1,56.2
2024-04-29,Alface,Hortifruti,6,30.51,183.06
2024-04-29,Batata,Hortifruti,3,14.92,44.76
2024-04-29,Frango,Açougue,4,19.12,76.48
2024-04-30,Arroz,Mercearia,5,33.79,168.95
2024-04-30,Batata,Hortifruti,2,33.06,66.12
2024-04-30,Peixe,Açougue,7,29.57,206.99
2024-04-30,Peixe,Açougue,6,24.53,147.18
2024-05-01,Maçã,Frutas,6,23.68,142.08
2024-05-01,Peixe,Açougue,6,39.57,237.42
2024-05-01,Peixe,Açougue,7,18.09,126.63
2024-05-01,Cebola,Hortifruti,7,9.87,69.09
2024-05-01,Açúcar,Mercearia,1,43.72,43.72
2024-05-01,Cebola,Hortifruti,3,30.58,91.74
2024-05-01,Tomate,Hortifruti,4,8.5,34.0
2024-05-02,Laranja,Frutas,7,12.86,90.02
2024-05-02,Café,Mercearia,3,21.57,64.71
2024-05-02,Café,Mercearia,5,17.15,85.75
2024-05-02,Peixe,Açougue,1,21.1,21.1
2024-05-02,Alface,Hortifruti,3,42.84,128.52
2024-05-02,Feijão,Mercearia,6,10.04,60.24
2024-05-02,Feijão,Mercearia,3,33.93,101.79
2024-05-03,Carne Bovina,Açougue,5,35.84,179.2
2024-05-03,Arroz,Mercearia,4,21.75,87.0
2024-05-03,Banana,Frutas,4,25.68,102.72
2024-05-03,Alface,Hortifruti,2,44.44,88.88
2024-05-03,Feijão,Mercearia,7,12.71,88.97
2024-05-03,Café,Mercearia,5,29.88,149.4
2024-05-03,Batata,Hortifruti,6,10.56,63.36
2024-05-04,Maçã,Frutas,1,24.3,24.3
2024-05-04,Peixe,Açougue,4,9.23,36.92
2024-05-04,Maçã,Frutas,2,43.53,87.06
2024-05-04,Açúcar,Mercearia,6,42.98,257.88
2024-05-04,Cebola,Hortifruti,5,39.45,197.25
2024-05-05,Cebola,Hortifruti,7,31.01,217.07
2024-05-05,Alface,Hortifruti,7,4.26,29.82
2024-05-05,Frango,Açougue,4,32.6,130.4
2024-05-05,Café,Mercearia,4,31.28,125.12
2024-05-05,Cebola,Hortifruti,5,6.94,34.7
2024-05-06,Banana,Frutas,5,43.46,217.3
2024-05-06,Cebola,Hortifruti,1,38.2,38.2
2024-05-06,Café,Mercearia,3,31.7,95.1
2024-05-06,Cebola,Hortifruti,2,28.95,57.9
2024-05-06,Arroz,Mercearia,7,26.97,188.79
2024-05-06,Carne Bovina,Açougue,3,42.1,126.3
2024-05-06,Peixe,Açougue,4,31.41,125.64
2024-05-07,Peixe,Açougue,5,31.01,155.05
2024-05-07,Feijão,Mercearia,2,17.64,35.28
2024-05-07,Cebola,Hortifruti,2,28.41,56.82
2024-05-07,Feijão,Mercearia,1,20.09,20.09
2024-05-07,Frango,Açougue,1,6.8,6.8
2024-05-08,Açúcar,Mercearia,4,30.32,121.28
2024-05-08,Banana,Frutas,6,41.88,251.28
2024-05-08,Batata,Hortifruti,6,40.86,245.16
2024-05-09,Feijão,Mercearia,7,21.29,149.03
2024-05-09,Açúcar,Mercearia,1,8.05,8.05
2024-05-09,Banana,Frutas,7,3.24,22.68
2024-05-09,Tomate,Hortifruti,4,28.61,114.44
2024-05-09,Maçã,Frutas,3,19.32,57.96
2024-05-09,Feijão,Mercearia,1,12.98,12.98
2024-05-09,Tomate,Hortifruti,3,12.55,37.65
2024-05-10,Açúcar,Mercearia,3,10.07,30.21
2024-05-10,Peixe,Açougue,2,34.89,69.78
2024-05-10,Feijão,Mercearia,3,25.78,77.34
2024-05-10,Arroz,Mercearia,2,23.13,46.26
2024-05-11,Frango,Açougue,2,7.57,15.14
2024-05-11,Maçã,Frutas,2,25.12,50.24
2024-05-11,Carne Bovina,Açougue,4,28.53,114.12
2024-05-11,Laranja,Frutas,6,34.37,206.22
2024-05-11,Carne Bovina,Açougue,3,24.89,74.67
2024-05-11,Maçã,Frutas,7,21.1,147.7
2024-05-11,Maçã,Frutas,4,43.1,172.4
2024-05-12,Açúcar,Mercearia,3,5.53,16.59
2024-05-12,Maçã,Frutas,5,17.77,88.85
2024-05-12,Cebola,Hortifruti,6,23.41,140.46
2024-05-12,Maçã,Frutas,4,31.14,124.56
2024-05-12,Frango,Açougue,7,25.35,177.45
2024-05-12,Arroz,Mercearia,2,28.63,57.26
2024-05-13,Cebola,Hortifruti,1,44.02,44.02
2024-05-13,Café,Mercearia,1,24.94,24.94
2024-05-13,Laranja,Frutas,7,39.1,273.7
2024-05-13,Laranja,Frutas,5,10.75,53.75
2024-05-14,Café,Mercearia,5,13.78,68.9
2024-05-14,Alface,Hortifruti,4,23.31,93.24
2024-05-14,Laranja,Frutas,6,26.11,156.66
2024-05-15,Café,Mercearia,7,42.96,300.72
2024-05-15,Laranja,Frutas,6,37.41,224.46
2024-05-15,Banana,Frutas,4,12.58,50.32
2024-05-15,Feijão,Mercearia,7,28.66,200.62
2024-05-15,Café,Mercearia,1,38.27,38.27
2024-05-15,Arroz,Mercearia,1,12.95,12.95
2024-05-15,Maçã,Frutas,4,14.54,58.16
2024-05-16,Alface,Hortifruti,4,31.2,124.8
2024-05-16,Feijão,Mercearia,2,35.2,70.4
2024-05-16,Café,Mercearia,1,20.81,20.81
2024-05-16,Maçã,Frutas,7,12.88,90.16
2024-05-16,Carne Bovina,Açougue,2,22.86,45.72
2024-05-17,Tomate,Hortifruti,6,3.99,23.94
2024-05-17,Batata,Hortifruti,4,11.66,46.64
2024-05-17,Açúcar,Mercearia,2,13.79,27.58
2024-05-17,Frango,Açougue,5,5.46,27.3
2024-05-17,Feijão,Mercearia,2,14.53,29.06
2024-05-17,Laranja,Frutas,5,31.39,156.95
2024-05-17,Café,Mercearia,6,21.72,130.32
2024-05-18,Tomate,Hortifruti,3,44.63,133.89
2024-05-18,Carne Bovina,Açougue,6,7.37,44.22
2024-05-18,Café,Mercearia,6,27.29,163.74
2024-05-19,Peixe,Açougue,4,6.6,26.4
2024-05-19,Tomate,Hortifruti,4,11.06,44.24
2024-05-19,Arroz,Mercearia,1,12.52,12.52
2024-05-19,Feijão,Mercearia,7,5.92,41.44
2024-05-19,Tomate,Hortifruti,4,5.84,23.36
2024-05-19,Maçã,Frutas,4,12.82,51.28
2024-05-19,Maçã,Frutas,6,27.9,167.4
2024-05-20,Banana,Frutas,4,16.62,66.48
2024-05-20,Batata,Hortifruti,6,31.12,186.72
2024-05-20,Laranja,Frutas,4,30.8,123.2
2024-05-20,Tomate,Hortifruti,3,33.69,101.07
2024-05-20,Peixe,Açougue,4,5.53,22.12
2024-05-21,Café,Mercearia,4,43.39,173.56
2024-05-21,Frango,Açougue,7,34.7,242.9
2024-05-21,Laranja,Frutas,2,7.06,14.12
2024-05-21,Feijão,Mercearia,7,34.76,243.32
2024-05-21,Tomate,Hortifruti,4,44.21,176.84
2024-05-21,Batata,Hortifruti,6,12.85,77.1
2024-05-22,Batata,Hortifruti,6,44.68,268.08
2024-05-22,Arroz,Mercearia,4,13.23,52.92
2024-05-22,Peixe,Açougue,5,6.9,34.5
2024-05-22,Banana,Frutas,2,36.09,72.18
2024-05-22,Tomate,Hortifruti,5,37.69,188.45
2024-05-22,Banana,Frutas,4,32.77,131.08
2024-05-23,Tomate,Hortifruti,7,14.05,98.35
2024-05-23,Cebola,Hortifruti,1,6.68,6.68
2024-05-23,Açúcar,Mercearia,1,26.26,26.26
2024-05-23,Açúcar,Mercearia,3,19.67,59.01
2024-05-23,Laranja,Frutas,2,28.22,56.44
2024-05-23,Laranja,Frutas,6,41.61,249.66
2024-05-24,Banana,Frutas,4,38.76,155.04
2024-05-24,Café,Mercearia,4,42.08,168.32
2024-05-24,Café,Mercearia,6,37.33,223.98
2024-05-24,Batata,Hortifruti,6,39.87,239.22
2024-05-24,Peixe,Açougue,6,36.85,221.1
2024-05-25,Peixe,Açougue,1,16.55,16.55
2024-05-25,Batata,Hortifruti,2,9.46,18.92
2024-05-25,Batata,Hortifruti,2,43.21,86.42
2024-05-25,Cebola,Hortifruti,2,37.54,75.08
2024-05-25,Feijão,Mercearia,5,39.2,196.0
2024-05-25,Alface,Hortifruti,7,23.46,164.22
2024-05-26,Alface,Hortifruti,3,43.02,129.06
2024-05-26,Banana,Frutas,1,30.98,30.98
2024-05-26,Cebola,Hortifruti,5,4.08,20.4
2024-05-26,Feijão,Mercearia,7,43.45,304.15
2024-05-26,Carne Bovina,Açougue,4,43.56,174.24
2024-05-26,Carne Bovina,Açougue,5,42.33,211.65
2024-05-26,Alface,Hortifruti,2,14.67,29.34
2024-05-27,Açúcar,Mercearia,6,28.31,169.86
2024-05-27,Laranja,Frutas,3,19.23,57.69
2024-05-27,Maçã,Frutas,3,11.05,33.15
2024-05-27,Feijão,Mercearia,2,23.35,46.7
2024-05-27,Cebola,Hortifruti,5,29.02,145.1
2024-05-27,Feijão,Mercearia,7,13.05,91.35
2024-05-27,Batata,Hortifruti,5,8.1,40.5
2024-05-28,Laranja,Frutas,4,28.96,115.84
2024-05-28,Alface,Hortifruti,7,12.61,88.27
2024-05-28,Maçã,Frutas,7,12.27,85.89
2024-05-28,Frango,Açougue,4,30.54,122.16
2024-05-28,Banana,Frutas,7,33.42,233.94
2024-05-29,Alface,Hortifruti,7,21.89,153.23
2024-05-29,Frango,Açougue,3,18.45,55.35
2024-05-29,Carne Bovina,Açougue,6,37.76,226.56
2024-05-29,Maçã,Frutas,5,35.31,176.55
2024-05-29,Peixe,Açougue,7,20.48,143.36
2024-05-29,Açúcar,Mercearia,5,3.81,19.05
2024-05-29,Maçã,Frutas,2,31.6,63.2
2024-05-30,Tomate,Hortifruti,5,3.51,17.55
2024-05-30,Cebola,Hortifruti,5,43.99,219.95
2024-05-30,Cebola,Hortifruti,5,43.3,216.5
2024-05-30,Alface,Hortifruti,1,7.61,7.61
2024-05-30,Carne Bovina,Açougue,3,22.08,66.24
2024-05-30,Alface,Hortifruti,7,9.27,64.89
2024-05-30,Peixe,Açougue,4,39.32,157.28
2024-05-31,Cebola,Hortifruti,3,18.79,56.37
2024-05-31,Alface,Hortifruti,5,22.3,111.5
2024-05-31,Maçã,Frutas,2,40.47,80.94
2024-05-31,Feijão,Mercearia,1,30.67,30.67
2024-05-31,Feijão,Mercearia,1,36.97,36.97
2024-05-31,Frango,Açougue,1,38.32,38.32
2024-06-01,Carne Bovina,Açougue,5,37.66,188.3
2024-06-01,Laranja,Frutas,2,19.23,38.46
2024-06-01,Banana,Frutas,1,28.79,28.79
2024-06-01,Carne Bovina,Açougue,7,24.77,173.39
2024-06-02,Maçã,Frutas,4,24.51,98.04
2024-06-02,Maçã,Frutas,5,4.6,23.0
2024-06-02,Laranja,Frutas,3,30.68,92.04
2024-06-02,Batata,Hortifruti,3,3.51,10.53
2024-06-02,Maçã,Frutas,4,33.98,135.92
2024-06-03,Peixe,Açougue,4,17.69,70.76
2024-06-03,Batata,Hortifruti,7,35.92,251.44
2024-06-03,Batata,Hortifruti,3,20.31,60.93
2024-06-03,Maçã,Frutas,6,37.88,227.28
2024-06-04,Banana,Frutas,7,6.45,45.15
2024-06-04,Carne Bovina,Açougue,1,15.41,15.41
2024-06-04,Arroz,Mercearia,1,43.99,43.99
2024-06-04,Cebola,Hortifruti,3,8.1,24.3
2024-06-05,Peixe,Açougue,1,30.04,30.04
2024-06-05,Café,Mercearia,7,4.76,33.32
2024-06-05,Cebola,Hortifruti,2,36.55,73.1
2024-06-05,Carne Bovina,Açougue,3,44.16,132.48
2024-06-05,Banana,Frutas,5,27.46,137.3
2024-06-05,Carne Bovina,Açougue,2,8.38,16.76
2024-06-06,Arroz,Mercearia,2,12.43,24.86
2024-06-06,Feijão,Mercearia,3,26.1,78.3
2024-06-06,Café,Mercearia,1,9.87,9.87
2024-06-07,Peixe,Açougue,4,8.1,32.4
2024-06-07,Batata,Hortifruti,6,3.53,21.18
2024-06-07,Maçã,Frutas,3,31.2,93.6
2024-06-07,Peixe,Açougue,7,39.93,279.51
2024-06-07,Carne Bovina,Açougue,1,25.85,25.85
2024-06-07,Maçã,Frutas,5,12.28,61.4
2024-06-08,Açúcar,Mercearia,6,34.63,207.78
2024-06-08,Feijão,Mercearia,6,25.66,153.96
2024-06-08,Frango,Açougue,2,7.53,15.06
2024-06-08,Maçã,Frutas,7,6.86,48.02
2024-06-08,Cebola,Hortifruti,7,23.51,164.57
2024-06-08,Laranja,Frutas,4,33.78,135.12
2024-06-09,Maçã,Frutas,5,34.22,171.1
2024-06-09,Batata,Hortifruti,7,7.45,52.15
2024-06-09,Laranja,Frutas,5,6.94,34.7
2024-06-09,Carne Bovina,Açougue,7,39.84,278.88
2024-06-09,Maçã,Frutas,7,9.76,68.32
2024-06-10,Arroz,Mercearia,1,34.15,34.15
2024-06-10,Batata,Hortifruti,1,14.67,14.67
2024-06-10,Batata,Hortifruti,2,30.62,61.24
2024-06-10,Feijão,Mercearia,2,34.18,68.36
2024-06-11,Açúcar,Mercearia,2,17.93,35.86
2024-06-11,Frango,Açougue,1,26.28,26.28
2024-06-11,Banana,Frutas,2,34.96,69.92
2024-06-11,Banana,Frutas,4,34.32,137.28
2024-06-11,Peixe,Açougue,1,43.24,43.24
2024-06-12,Alface,Hortifruti,3,34.76,104.28
2024-06-12,Laranja,Frutas,6,39.82,238.92
2024-06-12,Maçã,Frutas,2,18.47,36.94
2024-06-13,Alface,Hortifruti,4,35.78,143.12
2024-06-13,Banana,Frutas,3,8.79,26.37
2024-06-13,Banana,Frutas,5,3.08,15.4
2024-06-13,Laranja,Frutas,5,4.22,21.1
2024-06-13,Peixe,Açougue,4,10.62,42.48
2024-06-13,Frango,Açougue,4,19.9,79.6
2024-06-13,Laranja,Frutas,4,24.42,97.68
2024-06-14,Arroz,Mercearia,5,27.36,136.8
2024-06-14,Laranja,Frutas,4,26.55,106.2
2024-06-14,Peixe,Açougue,2,28.17,56.34
2024-06-14,Batata,Hortifruti,7,3.96,27.72
2024-06-14,Batata,Hortifruti,1,29.73,29.73
2024-06-15,Banana,Frutas,5,34.33,171.65
2024-06-15,Café,Mercearia,6,11.81,70.86
2024-06-15,Alface,Hortifruti,3,21.49,64.47
2024-06-15,Alface,Hortifruti,6,16.78,100.68
2024-06-15,Laranja,Frutas,1,6.72,6.72
2024-06-16,Tomate,Hortifruti,3,36.66,109.98
2024-06-16,Açúcar,Mercearia,1,42.19,42.19
2024-06-16,Frango,Açougue,1,20.69,20.69
2024-06-16,Alface,Hortifruti,4,36.0,144.0
2024-06-16,Açúcar,Mercearia,7,20.22,141.54
2024-06-16,Peixe,Açougue,4,19.12,76.48
2024-06-17,Café,Mercearia,5,10.75,53.75
2024-06-17,Frango,Açougue,2,17.05,34.1
2024-06-17,Frango,Açougue,3,4.02,12.06
2024-06-18,Banana,Frutas,1,42.04,42.04
2024-06-18,Batata,Hortifruti,5,5.36,26.8
2024-06-18,Batata,Hortifruti,6,12.47,74.82
2024-06-18,Maçã,Frutas,5,22.39,111.95
2024-06-18,Alface,Hortifruti,1,21.28,21.28
2024-06-18,Maçã,Frutas,4,8.61,34.44
2024-06-18,Alface,Hortifruti,6,33.57,201.42
2024-06-19,Batata,Hortifruti,1,35.77,35.77
2024-06-19,Alface,Hortifruti,6,5.41,32.46
2024-06-19,Peixe,Açougue,4,8.52,34.08
2024-06-19,Feijão,Mercearia,7,41.75,292.25
2024-06-20,Alface,Hortifruti,5,5.9,29.5
2024-06-20,Carne Bovina,Açougue,2,14.85,29.7
2024-06-20,Carne Bovina,Açougue,7,13.37,93.59
2024-06-21,Peixe,Açougue,2,14.42,28.84
2024-06-21,Banana,Frutas,7,21.89,153.23
2024-06-21,Frango,Açougue,6,5.75,34.5
2024-06-21,Frango,Açougue,4,4.41,17.64
2024-06-21,Alface,Hortifruti,2,41.07,82.14
2024-06-21,Feijão,Mercearia,5,25.36,126.8
2024-06-22,Açúcar,Mercearia,7,6.63,46.41
2024-06-22,Cebola,Hortifruti,3,43.46,130.38
2024-06-22,Laranja,Frutas,5,5.19,25.95
2024-06-23,Arroz,Mercearia,6,33.69,202.14
2024-06-23,Café,Mercearia,5,13.77,68.85
2024-06-23,Batata,Hortifruti,7,11.32,79.24
2024-06-23,Arroz,Mercearia,1,22.49,22.49
2024-06-23,Feijão,Mercearia,5,28.56,142.8
2024-06-23,Feijão,Mercearia,5,7.79,38.95
2024-06-24,Maçã,Frutas,4,20.56,82.24
2024-06-24,Feijão,Mercearia,7,31.72,222.04
2024-06-24,Tomate,Hortifruti,1,44.18,44.18
2024-06-24,Frango,Açougue,2,19.97,39.94
2024-06-25,Feijão,Mercearia,7,32.73,229.11
2024-06-25,Tomate,Hortifruti,2,6.43,12.86
2024-06-25,Banana,Frutas,2,23.36,46.72
2024-06-25,Maçã,Frutas,5,42.72,213.6
2024-06-25,Feijão,Mercearia,2,7.1,14.2
2024-06-26,Frango,Açougue,7,25.91,181.37
2024-06-26,Arroz,Mercearia,7,24.53,171.71
2024-06-26,Carne Bovina,Açougue,3,22.29,66.87
2024-06-26,Batata,Hortifruti,7,23.88,167.16
2024-06-26,Laranja,Frutas,5,9.92,49.6
2024-06-27,Peixe,Açougue,4,24.81,99.24
2024-06-27,Arroz,Mercearia,5,30.7,153.5
2024-06-27,Alface,Hortifruti,4,13.73,54.92
2024-06-27,Frango,Açougue,1,26.53,26.53
2024-06-27,Carne Bovina,Açougue,2,26.44,52.88
2024-06-27,Cebola,Hortifruti,1,6.95,6.95
2024-06-28,Arroz,Mercearia,4,25.63,102.52
2024-06-28,Alface,Hortifruti,3,7.43,22.29
2024-06-28,Alface,Hortifruti,7,37.53,262.71
2024-06-28,Cebola,Hortifruti,3,35.58,106.74
2024-06-28,Batata,Hortifruti,3,11.56,34.68
2024-06-29,Arroz,Mercearia,4,36.3,145.2
2024-06-29,Alface,Hortifruti,5,29.65,148.25
2024-06-29,Laranja,Frutas,1,19.63,19.63
2024-06-29,Peixe,Açougue,2,9.63,19.26
2024-06-30,Banana,Frutas,4,9.97,39.88
2024-06-30,Batata,Hortifruti,5,41.06,205.3
2024-06-30,Cebola,Hortifruti,3,44.31,132.93
2024-06-30,Tomate,Hortifruti,4,11.48,45.92
2024-06-30,Arroz,Mercearia,5,33.77,168.85
2024-06-30,Açúcar,Mercearia,5,21.49,107.45
2024-07-01,Feijão,Mercearia,4,34.07,136.28
2024-07-01,Laranja,Frutas,1,20.55,20.55
2024-07-01,Laranja,Frutas,5,31.05,155.25
2024-07-01,Frango,Açougue,2,9.97,19.94
2024-07-01,Banana,Frutas,2,20.95,41.9
2024-07-02,Maçã,Frutas,1,6.91,6.91
2024-07-02,Alface,Hortifruti,1,37.56,37.56
2024-07-02,Café,Mercearia,6,18.92,113.52
2024-07-02,Batata,Hortifruti,5,17.15,85.75
2024-07-02,Feijão,Mercearia,4,41.56,166.24
2024-07-03,Carne Bovina,Açougue,4,44.5,178.0
2024-07-03,Cebola,Hortifruti,7,30.37,212.59
2024-07-03,Feijão,Mercearia,5,13.68,68.4
2024-07-03,Banana,Frutas,3,39.95,119.85
2024-07-03,Peixe,Açougue,2,13.26,26.52
2024-07-04,Arroz,Mercearia,2,7.23,14.46
2024-07-04,Maçã,Frutas,3,8.96,26.88
2024-07-04,Feijão,Mercearia,3,21.91,65.73
2024-07-04,Café,Mercearia,3,30.35,91.05
2024-07-04,Banana,Frutas,1,38.34,38.34
2024-07-04,Açúcar,Mercearia,6,44.12,264.72
2024-07-05,Tomate,Hortifruti,4,34.05,136.2
2024-07-05,Cebola,Hortifruti,2,16.23,32.46
2024-07-05,Arroz,Mercearia,4,31.63,126.52
2024-07-05,Banana,Frutas,1,30.52,30.52
2024-07-05,Tomate,Hortifruti,7,14.73,103.11
2024-07-06,Alface,Hortifruti,2,24.53,49.06
2024-07-06,Banana,Frutas,7,11.93,83.51
2024-07-06,Batata,Hortifruti,1,15.77,15.77
2024-07-06,Peixe,Açougue,4,42.41,169.64
2024-07-06,Carne Bovina,Açougue,1,35.17,35.17
2024-07-07,Carne Bovina,Açougue,5,40.75,203.75
2024-07-07,Batata,Hortifruti,1,39.72,39.72
2024-07-07,Açúcar,Mercearia,7,10.1,70.7
2024-07-07,Cebola,Hortifruti,6,22.34,134.04
2024-07-07,Alface,Hortifruti,5,25.96,129.8
2024-07-08,Batata,Hortifruti,6,36.7,220.2
2024-07-08,Açúcar,Mercearia,4,3.76,15.04
2024-07-08,Arroz,Mercearia,6,41.56,249.36
2024-07-08,Laranja,Frutas,6,39.05,234.3
2024-07-08,Batata,Hortifruti,6,41.25,247.5
2024-07-09,Batata,Hortifruti,1,38.26,38.26
2024-07-09,Frango,Açougue,7,29.1,203.7
2024-07-09,Feijão,Mercearia,3,29.39,88.17
2024-07-09,Feijão,Mercearia,4,29.67,118.68
2024-07-10,Peixe,Açougue,6,8.05,48.3
2024-07-10,Alface,Hortifruti,1,13.16,13.16
2024-07-10,Tomate,Hortifruti,4,15.65,62.6
2024-07-10,Açúcar,Mercearia,5,15.48,77.4
2024-07-10,Açúcar,Mercearia,6,34.21,205.26
2024-07-10,Alface,Hortifruti,3,40.92,122.76
2024-07-11,Feijão,Mercearia,5,27.92,139.6
2024-07-11,Feijão,Mercearia,7,29.3,205.1
2024-07-11,Frango,Açougue,6,36.37,218.22
2024-07-11,Peixe,Açougue,4,27.48,109.92
2024-07-12,Maçã,Frutas,7,30.67,214.69
2024-07-12,Alface,Hortifruti,5,28.16,140.8
2024-07-12,Tomate,Hortifruti,5,6.94,34.7
2024-07-12,Frango,Açougue,1,31.11,31.11
2024-07-13,Cebola,Hortifruti,1,4.06,4.06
2024-07-13,Laranja,Frutas,7,6.45,45.15
2024-07-13,Banana,Frutas,4,22.51,90.04
2024-07-14,Batata,Hortifruti,2,9.92,19.84
2024-07-14,Banana,Frutas,5,29.51,147.55
2024-07-14,Alface,Hortifruti,1,32.51,32.51
2024-07-15,Laranja,Frutas,7,8.53,59.71
2024-07-15,Alface,Hortifruti,6,36.04,216.24
2024-07-15,Batata,Hortifruti,6,14.03,84.18
2024-07-15,Arroz,Mercearia,2,22.86,45.72
2024-07-15,Feijão,Mercearia,1,14.3,14.3
2024-07-15,Banana,Frutas,6,40.44,242.64
2024-07-16,Tomate,Hortifruti,5,22.84,114.2
2024-07-16,Café,Mercearia,3,8.88,26.64
2024-07-16,Carne Bovina,Açougue,2,43.8,87.6
2024-07-16,Frango,Açougue,5,23.25,116.25
2024-07-17,Frango,Açougue,4,11.69,46.76
2024-07-17,Frango,Açougue,5,3.23,16.15
2024-07-17,Peixe,Açougue,1,12.2,12.2
2024-07-17,Açúcar,Mercearia,4,7.54,30.16
2024-07-17,Café,Mercearia,7,36.71,256.97
2024-07-18,Peixe,Açougue,2,15.33,30.66
2024-07-18,Peixe,Açougue,1,19.67,19.67
2024-07-18,Maçã,Frutas,1,28.92,28.92
